Year,Month,PACIFIC_comp_1,ATLANTIC_comp_1
1856,1,0.246504,-0.444109
1856,2,0.239866,-0.308811
1856,3,0.175189,-0.328658
1856,4,0.120273,-0.395782
1856,5,0.107513,-0.275922
1856,6,0.099,-0.138158
1856,7,0.0569,-0.167048
1856,8,0.0585,-0.102874
1856,9,-0.00942,-0.0441
1856,10,-0.113051,-0.269883
1856,11,-0.262938,-0.370744
1856,12,-0.388609,-0.286308
1857,1,-0.329717,-0.411436
1857,2,-0.345836,-0.681748
1857,3,-0.351002,-0.755299
1857,4,-0.240956,-0.771686
1857,5,-0.338142,-0.710926
1857,6,-0.338824,-0.554257
1857,7,-0.3281,-0.535674
1857,8,-0.329352,-0.466888
1857,9,-0.311019,-0.350425
1857,10,-0.349571,-0.45187
1857,11,-0.351445,-0.478715
1857,12,-0.264463,-0.39644
1858,1,-0.197902,-0.585865
1858,2,-0.172338,-0.738615
1858,3,-0.169206,-0.488488
1858,4,-0.292276,-0.267207
1858,5,-0.225288,-0.281039
1858,6,-0.220517,-0.472054
1858,7,-0.175519,-0.470425
1858,8,-0.0737,-0.209498
1858,9,-0.0895,-0.076
1858,10,-0.183487,0.0466
1858,11,-0.239574,0.440707
1858,12,-0.312052,0.0536
1859,1,-0.30081,-0.246694
1859,2,-0.282811,-0.327225
1859,3,-0.230505,-0.0547
1859,4,-0.192512,0.144354
1859,5,-0.115328,0.097
1859,6,-0.147601,-0.114641
1859,7,-0.0885,-0.368325
1859,8,-0.0183,-0.272666
1859,9,-0.0269,-0.263228
1859,10,-0.0414,-0.216565
1859,11,-0.126742,-0.123447
1859,12,-0.123472,0.178239
1860,1,-0.254768,0.175869
1860,2,-0.27283,-0.105072
1860,3,-0.272045,-0.162174
1860,4,-0.260922,-0.247604
1860,5,-0.257311,-0.114765
1860,6,-0.243235,-0.172347
1860,7,-0.227635,-0.203671
1860,8,-0.233478,-0.182014
1860,9,-0.197258,-0.40592
1860,10,-0.201827,-0.263281
1860,11,-0.340996,-0.233443
1860,12,-0.391091,-0.398363
1861,1,-0.325624,-0.745007
1861,2,-0.410851,-0.872351
1861,3,-0.446786,-0.751701
1861,4,-0.421609,-0.637301
1861,5,-0.415661,-0.512673
1861,6,-0.353128,-0.45313
1861,7,-0.283006,-0.378857
1861,8,-0.245392,-0.372023
1861,9,-0.307093,-0.148973
1861,10,-0.325024,-0.0928
1861,11,-0.327735,-0.118699
1861,12,-0.328413,-0.076
1862,1,-0.38862,-0.197405
1862,2,-0.41037,-0.212316
1862,3,-0.378241,0.0431
1862,4,-0.263887,0.0192
1862,5,-0.175141,0.0704
1862,6,-0.261207,0.0153
1862,7,-0.273044,-0.0547
1862,8,-0.231683,-0.238967
1862,9,-0.293224,-0.219894
1862,10,-0.409699,-0.179191
1862,11,-0.538172,-0.389762
1862,12,-0.495926,-0.530778
1863,1,-0.45982,-0.590215
1863,2,-0.421921,-0.160058
1863,3,-0.422849,-0.182486
1863,4,-0.394098,-0.129499
1863,5,-0.400586,-0.126216
1863,6,-0.420754,-0.335061
1863,7,-0.371817,-0.742162
1863,8,-0.303702,-0.605463
1863,9,-0.283344,-0.472243
1863,10,-0.242802,-0.56636
1863,11,-0.237556,-0.630262
1863,12,-0.204831,-0.705927
1864,1,-0.368854,-0.805817
1864,2,-0.411476,-0.905004
1864,3,-0.368655,-0.639228
1864,4,-0.32105,-0.57059
1864,5,-0.180837,-0.270355
1864,6,-0.0833,-0.248099
1864,7,-0.0368,-0.274996
1864,8,0.0893,-0.37642
1864,9,0.155939,-0.260741
1864,10,0.200495,-0.193659
1864,11,0.232672,-0.0914
1864,12,0.18727,-0.211599
1865,1,0.180421,-0.158077
1865,2,0.185492,-0.0619
1865,3,0.152546,-0.151219
1865,4,0.140819,-0.0871
1865,5,0.120725,-0.1
1865,6,0.171631,-0.0294
1865,7,0.246576,-0.0236
1865,8,0.226921,0.0617
1865,9,0.290575,0.145598
1865,10,0.339325,-0.000761
1865,11,0.342155,-0.0607
1865,12,0.356144,0.0329
1866,1,0.403786,-0.102616
1866,2,0.357536,0.0327
1866,3,0.343421,-0.115807
1866,4,0.237748,-0.0494
1866,5,0.261222,0.0867
1866,6,0.373172,0.00406
1866,7,0.389727,-0.129114
1866,8,0.279769,-0.021
1866,9,0.181153,-0.0572
1866,10,0.141961,0.0712
1866,11,0.107155,-0.0441
1866,12,0.03,-0.295594
1867,1,0.0809,-0.169621
1867,2,0.067,0.0361
1867,3,0.147765,-0.0166
1867,4,0.122964,-0.0291
1867,5,0.179094,-0.134889
1867,6,0.171318,-0.216063
1867,7,0.194547,-0.265819
1867,8,0.193014,-0.342111
1867,9,0.168816,-0.427476
1867,10,0.077,-0.321595
1867,11,0.0313,-0.435124
1867,12,0.0688,-0.201189
1868,1,0.0787,-0.216733
1868,2,0.0936,-0.180692
1868,3,0.162393,-0.092
1868,4,0.0974,-0.319376
1868,5,0.148657,-0.290594
1868,6,0.099,-0.24887
1868,7,0.161094,-0.317568
1868,8,0.18234,-0.424557
1868,9,0.283883,-0.12056
1868,10,0.266689,-0.375768
1868,11,0.353282,-0.191066
1868,12,0.318827,-0.171464
1869,1,0.230552,-0.282636
1869,2,0.148607,-0.216476
1869,3,0.102995,-0.348102
1869,4,0.0465,-0.319669
1869,5,-0.0297,-0.391354
1869,6,-0.120107,-0.232256
1869,7,-0.151281,-0.388156
1869,8,-0.241056,-0.301517
1869,9,-0.379076,-0.0618
1869,10,-0.290786,-0.21322
1869,11,-0.28256,-0.331547
1869,12,-0.305561,-0.456146
1870,1,-0.333093,-0.361777
1870,2,-0.286908,-0.321587
1870,3,-0.262262,-0.452441
1870,4,-0.200515,-0.472221
1870,5,-0.312973,-0.535655
1870,6,-0.363985,-0.467864
1870,7,-0.335321,-0.240965
1870,8,-0.314606,-0.311959
1870,9,-0.309531,-0.387561
1870,10,-0.385608,-0.199683
1870,11,-0.410584,-0.283729
1870,12,-0.314004,-0.277097
1871,1,-0.253493,-0.430845
1871,2,-0.248876,-0.237877
1871,3,-0.204425,-0.203065
1871,4,-0.142591,-0.21293
1871,5,-0.167314,0.00234
1871,6,-0.292984,-0.0269
1871,7,-0.162565,-0.114799
1871,8,-0.173099,-0.335072
1871,9,-0.14887,-0.316308
1871,10,-0.154157,-0.316449
1871,11,-0.146714,-0.177852
1871,12,-0.203069,-0.0779
1872,1,-0.298054,-0.144857
1872,2,-0.302834,-0.303841
1872,3,-0.31396,-0.410698
1872,4,-0.334096,-0.427614
1872,5,-0.246305,-0.325725
1872,6,-0.248354,-0.133459
1872,7,-0.31591,-0.0921
1872,8,-0.368813,-0.0243
1872,9,-0.478819,0.0558
1872,10,-0.434608,-0.0373
1872,11,-0.414246,-0.075
1872,12,-0.360467,-0.214636
1873,1,-0.399937,-0.0286
1873,2,-0.471881,-0.0371
1873,3,-0.429455,0.0642
1873,4,-0.330269,0.129003
1873,5,-0.25559,-0.137
1873,6,-0.301013,-0.257817
1873,7,-0.346203,-0.0887
1873,8,-0.283371,-0.14552
1873,9,-0.221505,-0.104635
1873,10,-0.278116,-0.100179
1873,11,-0.371122,-0.1384
1873,12,-0.409387,-0.297107
1874,1,-0.371992,-0.43077
1874,2,-0.423446,-0.598655
1874,3,-0.388827,-0.570222
1874,4,-0.393214,-0.838792
1874,5,-0.355606,-0.589891
1874,6,-0.382895,-0.429671
1874,7,-0.384562,-0.330681
1874,8,-0.523876,-0.520605
1874,9,-0.536955,-0.457837
1874,10,-0.528455,-0.519022
1874,11,-0.570551,-0.536292
1874,12,-0.430832,-0.65887
1875,1,-0.286871,-0.17152
1875,2,-0.330773,0.0857
1875,3,-0.292503,-0.000462
1875,4,-0.362535,-0.0761
1875,5,-0.35833,0.132557
1875,6,-0.349116,-0.086
1875,7,-0.369084,-0.0178
1875,8,-0.404476,-0.24577
1875,9,-0.33129,-0.0624
1875,10,-0.289003,-0.0572
1875,11,-0.249281,-0.0269
1875,12,-0.268865,0.0862
1876,1,-0.337438,-0.177416
1876,2,-0.361176,-0.168029
1876,3,-0.323696,-0.128157
1876,4,-0.422145,-0.296998
1876,5,-0.368199,-0.312037
1876,6,-0.304749,-0.362029
1876,7,-0.201051,-0.294296
1876,8,-0.22067,-0.234248
1876,9,-0.249644,-0.227085
1876,10,-0.0944,-0.375191
1876,11,-0.0437,-0.507898
1876,12,0.0448,-0.458041
1877,1,0.129943,-0.408579
1877,2,0.137335,-0.214456
1877,3,0.152921,-0.14343
1877,4,0.240854,-0.0117
1877,5,0.16565,0.0904
1877,6,0.309744,0.0528
1877,7,0.537255,0.104099
1877,8,0.603446,0.262832
1877,9,0.709851,0.340313
1877,10,0.732415,0.237229
1877,11,0.717454,0.175455
1877,12,0.79147,-0.0216
1878,1,0.891988,-0.194093
1878,2,0.871491,-0.0266
1878,3,0.730057,0.135615
1878,4,0.566922,0.30288
1878,5,0.517443,-0.0704
1878,6,0.4199,-0.135701
1878,7,0.341063,-0.157928
1878,8,0.127797,0.112012
1878,9,-0.0655,0.0309
1878,10,-0.067,-0.144274
1878,11,-0.0721,-0.3003
1878,12,-0.0372,-0.334685
1879,1,-0.0259,-0.415091
1879,2,0.0403,-0.493277
1879,3,-0.0173,-0.642389
1879,4,-0.0715,-0.636157
1879,5,-0.0792,-0.552913
1879,6,-0.195254,-0.454291
1879,7,-0.237877,-0.422762
1879,8,-0.357849,-0.444495
1879,9,-0.284039,-0.479129
1879,10,-0.360154,-0.347727
1879,11,-0.319561,-0.175699
1879,12,-0.418064,-0.164708
1880,1,-0.476658,-0.160245
1880,2,-0.26614,-0.309091
1880,3,-0.17057,-0.362765
1880,4,-0.180549,-0.619358
1880,5,-0.218828,-0.582718
1880,6,-0.295567,-0.615758
1880,7,-0.331685,-0.581225
1880,8,-0.17931,-0.573737
1880,9,-0.200805,-0.393589
1880,10,-0.0264,-0.383845
1880,11,0.0528,-0.390138
1880,12,0.175574,-0.234897
1881,1,0.115985,-0.0986
1881,2,0.0578,-0.083
1881,3,0.0897,0.0239
1881,4,0.151102,0.0413
1881,5,0.170487,-0.0471
1881,6,0.0771,-0.151326
1881,7,0.0445,0.00504
1881,8,-0.00704,-0.200337
1881,9,-0.120694,-0.226165
1881,10,-0.110241,-0.21804
1881,11,-0.222475,-0.410075
1881,12,-0.196185,-0.267744
1882,1,-0.164066,-0.219599
1882,2,-0.171865,-0.256522
1882,3,-0.108661,-0.187692
1882,4,-0.00882,-0.25519
1882,5,-0.0764,-0.358569
1882,6,-0.326682,-0.431848
1882,7,-0.250926,-0.363637
1882,8,-0.248163,-0.287359
1882,9,-0.136483,-0.284259
1882,10,-0.2661,-0.333423
1882,11,-0.279441,-0.295223
1882,12,-0.279492,-0.329738
1883,1,-0.145969,-0.36542
1883,2,-0.0898,-0.258242
1883,3,-0.0273,-0.163015
1883,4,-0.0695,-0.200553
1883,5,-0.0574,-0.120381
1883,6,0.025,-0.237053
1883,7,-0.0465,-0.33512
1883,8,-0.0513,-0.224401
1883,9,-0.0386,-0.297946
1883,10,-0.106169,-0.400948
1883,11,-0.068,-0.332542
1883,12,-0.14611,-0.226974
1884,1,-0.10594,-0.156239
1884,2,-0.061,-0.278142
1884,3,-0.00584,-0.40948
1884,4,0.0511,-0.307629
1884,5,0.109145,-0.358874
1884,6,0.0314,-0.261201
1884,7,0.0368,-0.320111
1884,8,0.103686,-0.348253
1884,9,0.074,-0.282646
1884,10,0.110318,-0.393378
1884,11,0.151424,-0.620579
1884,12,0.167162,-0.484211
1885,1,0.206627,-0.421706
1885,2,0.0892,-0.247567
1885,3,0.107949,-0.287028
1885,4,0.157364,-0.316107
1885,5,0.162195,-0.213554
1885,6,0.0596,-0.289294
1885,7,0.0861,-0.0394
1885,8,0.149952,0.0541
1885,9,0.301467,-0.101786
1885,10,0.370858,-0.0287
1885,11,0.352423,-0.122883
1885,12,0.292424,-0.0936
1886,1,0.177416,0.00974
1886,2,0.0479,-0.0411
1886,3,0.146542,0.174188
1886,4,0.0919,0.247547
1886,5,0.0294,0.0503
1886,6,-0.162,0.0523
1886,7,-0.19154,-0.0259
1886,8,-0.290028,-0.027
1886,9,-0.289705,-0.0897
1886,10,-0.418138,-0.18986
1886,11,-0.365551,-0.22617
1886,12,-0.471251,-0.336037
1887,1,-0.378577,-0.49044
1887,2,-0.381801,-0.602497
1887,3,-0.294249,-0.427781
1887,4,-0.370548,-0.349014
1887,5,-0.318946,-0.377413
1887,6,-0.331252,-0.367518
1887,7,-0.222185,-0.353126
1887,8,-0.298114,-0.367072
1887,9,-0.230899,-0.233796
1887,10,-0.148395,-0.139058
1887,11,-0.0582,-0.282598
1887,12,-0.0235,-0.419762
1888,1,0.052,-0.437649
1888,2,0.150223,-0.54166
1888,3,0.228095,-0.350316
1888,4,0.108992,-0.454899
1888,5,0.211718,-0.423213
1888,6,0.233816,-0.519662
1888,7,0.224988,-0.331233
1888,8,0.316801,-0.236691
1888,9,0.466645,-0.106518
1888,10,0.599175,-0.00159
1888,11,0.659732,0.0261
1888,12,0.662577,0.116602
1889,1,0.66028,0.161214
1889,2,0.53808,0.142998
1889,3,0.461223,0.167451
1889,4,0.337753,0.0767
1889,5,0.320422,0.108034
1889,6,0.141657,-0.00206
1889,7,0.0588,0.0948
1889,8,-0.171878,0.0571
1889,9,-0.228636,0.0027
1889,10,-0.370289,-0.0237
1889,11,-0.393601,0.00154
1889,12,-0.381998,-0.0419
1890,1,-0.472174,-0.0114
1890,2,-0.369053,-0.216864
1890,3,-0.265437,-0.383009
1890,4,-0.247047,-0.338647
1890,5,-0.219111,-0.342917
1890,6,-0.334186,-0.343965
1890,7,-0.356631,-0.435866
1890,8,-0.433491,-0.545784
1890,9,-0.432304,-0.474217
1890,10,-0.482332,-0.514334
1890,11,-0.398379,-0.557737
1890,12,-0.161946,-0.400164
1891,1,-0.0754,-0.410444
1891,2,-0.0401,-0.352996
1891,3,-0.0258,-0.33045
1891,4,0.0843,-0.256604
1891,5,0.160617,-0.256348
1891,6,0.0877,-0.360677
1891,7,0.0307,-0.41287
1891,8,0.0906,-0.387875
1891,9,0.0172,-0.283718
1891,10,0.0293,-0.106656
1891,11,0.0256,-0.315483
1891,12,-0.00233,-0.269386
1892,1,0.0276,-0.205675
1892,2,0.0158,-0.138398
1892,3,-0.0953,-0.0745
1892,4,-0.22376,-0.32589
1892,5,-0.151177,-0.621353
1892,6,-0.238931,-0.653913
1892,7,-0.451449,-0.518218
1892,8,-0.511234,-0.350788
1892,9,-0.566437,-0.339603
1892,10,-0.691057,-0.351718
1892,11,-0.683749,-0.432152
1892,12,-0.579337,-0.287288
1893,1,-0.555938,-0.536742
1893,2,-0.547433,-0.54321
1893,3,-0.442791,-0.500073
1893,4,-0.445122,-0.638974
1893,5,-0.551036,-0.416173
1893,6,-0.587214,-0.208889
1893,7,-0.522218,-0.133189
1893,8,-0.56645,0.0281
1893,9,-0.571523,-0.0889
1893,10,-0.557688,-0.124208
1893,11,-0.583388,-0.13558
1893,12,-0.487441,-0.252817
1894,1,-0.539222,-0.297084
1894,2,-0.486501,-0.323348
1894,3,-0.426271,-0.335797
1894,4,-0.348721,-0.316524
1894,5,-0.409408,-0.341929
1894,6,-0.402376,-0.309576
1894,7,-0.306164,-0.302977
1894,8,-0.363654,-0.43705
1894,9,-0.319768,-0.445286
1894,10,-0.309446,-0.266124
1894,11,-0.218407,-0.235756
1894,12,-0.194191,-0.0845
1895,1,-0.112817,-0.0249
1895,2,-0.149185,0.00791
1895,3,-0.116499,-0.137
1895,4,-0.0847,-0.158361
1895,5,-0.0856,-0.173863
1895,6,-0.134305,-0.296175
1895,7,-0.114523,-0.265927
1895,8,0.00646,-0.180132
1895,9,0.0765,-0.101036
1895,10,0.129293,0.0506
1895,11,0.206751,0.00291
1895,12,0.0801,-0.055
1896,1,0.0484,-0.102194
1896,2,0.00509,-0.0279
1896,3,0.103773,-0.0882
1896,4,0.114155,-0.0645
1896,5,0.0495,0.0266
1896,6,0.105122,-0.16348
1896,7,0.217814,-0.123617
1896,8,0.361333,-0.263996
1896,9,0.385206,-0.0329
1896,10,0.421571,0.105354
1896,11,0.548478,0.101115
1896,12,0.618358,0.133374
1897,1,0.601575,0.0516
1897,2,0.487806,0.0727
1897,3,0.416987,0.311079
1897,4,0.325303,0.286083
1897,5,0.241205,0.105922
1897,6,0.165147,-0.0562
1897,7,0.207483,0.0868
1897,8,0.123646,0.015
1897,9,0.0707,0.0301
1897,10,-0.0269,0.0919
1897,11,-0.124945,-0.0719
1897,12,-0.0793,-0.140412
1898,1,-0.126212,-0.419932
1898,2,-0.192838,-0.53563
1898,3,-0.200165,-0.470279
1898,4,-0.198903,-0.444827
1898,5,-0.175223,-0.404873
1898,6,-0.129412,-0.386076
1898,7,-0.197088,-0.498075
1898,8,-0.247806,-0.498581
1898,9,-0.198483,-0.246483
1898,10,-0.186784,-0.218298
1898,11,-0.21776,-0.0835
1898,12,-0.252078,-0.0148
1899,1,-0.268027,-0.122296
1899,2,-0.276058,-0.0307
1899,3,-0.204483,-0.0576
1899,4,-0.247149,-0.0213
1899,5,-0.145934,0.0201
1899,6,-0.143638,0.0628
1899,7,-0.0265,0.0513
1899,8,0.160634,0.0812
1899,9,0.177315,0.00233
1899,10,0.300365,0.0396
1899,11,0.398632,-0.104781
1899,12,0.491027,-0.134639
1900,1,0.45306,-0.358043
1900,2,0.438379,-0.317342
1900,3,0.345092,-0.355489
1900,4,0.366422,-0.227131
1900,5,0.315935,-0.251683
1900,6,0.260341,-0.170724
1900,7,0.224587,-0.0596
1900,8,0.173961,-0.117987
1900,9,0.18465,-0.0703
1900,10,0.200136,-0.0263
1900,11,0.16516,-0.00141
1900,12,0.264529,0.0488
1901,1,0.257065,0.0243
1901,2,0.14698,0.0905
1901,3,0.100945,0.0628
1901,4,0.0958,0.12788
1901,5,-0.0389,0.0453
1901,6,-0.0992,-0.0213
1901,7,-0.131647,-0.0102
1901,8,-0.0617,0.000793
1901,9,-0.124534,-0.118648
1901,10,-0.0898,-0.132178
1901,11,-0.12159,-0.220802
1901,12,-0.108797,-0.249955
1902,1,-0.0549,-0.3006
1902,2,-0.00741,-0.139727
1902,3,0.0021,-0.16033
1902,4,0.0783,-0.0919
1902,5,0.139745,-0.1215
1902,6,0.175896,-0.283916
1902,7,0.33316,-0.300697
1902,8,0.414019,-0.405738
1902,9,0.46603,-0.333713
1902,10,0.508726,-0.32051
1902,11,0.506147,-0.428878
1902,12,0.468256,-0.241751
1903,1,0.405111,-0.301648
1903,2,0.290384,-0.351917
1903,3,0.183105,-0.460789
1903,4,0.0153,-0.425986
1903,5,-0.0251,-0.455024
1903,6,-0.0549,-0.487554
1903,7,-0.102283,-0.533595
1903,8,-0.199816,-0.655043
1903,9,-0.248988,-0.668453
1903,10,-0.267971,-0.630383
1903,11,-0.327563,-0.682658
1903,12,-0.418961,-0.661036
1904,1,-0.380428,-0.747216
1904,2,-0.380445,-0.802746
1904,3,-0.300876,-0.764407
1904,4,-0.247799,-0.825418
1904,5,-0.206041,-0.675844
1904,6,-0.192195,-0.704411
1904,7,-0.153549,-0.694639
1904,8,-0.0387,-0.636811
1904,9,0.05,-0.601503
1904,10,0.157227,-0.623448
1904,11,0.202795,-0.525467
1904,12,0.293704,-0.437365
1905,1,0.288874,-0.488127
1905,2,0.284104,-0.541841
1905,3,0.242295,-0.646853
1905,4,0.13952,-0.566747
1905,5,0.242547,-0.360036
1905,6,0.273279,-0.514897
1905,7,0.271467,-0.477612
1905,8,0.356943,-0.467114
1905,9,0.454199,-0.445406
1905,10,0.402703,-0.375272
1905,11,0.418499,-0.456049
1905,12,0.413641,-0.297356
1906,1,0.42318,-0.29617
1906,2,0.356068,-0.305953
1906,3,0.254329,-0.255684
1906,4,0.134714,-0.307933
1906,5,0.0473,-0.459175
1906,6,0.0392,-0.485687
1906,7,-0.037,-0.529151
1906,8,-0.20584,-0.524819
1906,9,-0.190174,-0.521631
1906,10,-0.259379,-0.582408
1906,11,-0.252119,-0.551269
1906,12,-0.183678,-0.592367
1907,1,-0.173665,-0.608622
1907,2,-0.146231,-0.568363
1907,3,-0.161087,-0.398728
1907,4,-0.10604,-0.463084
1907,5,-0.052,-0.461981
1907,6,-0.0333,-0.599875
1907,7,-0.0127,-0.568586
1907,8,-0.134606,-0.396176
1907,9,-0.0646,-0.297269
1907,10,-0.0531,-0.413469
1907,11,-0.0964,-0.549692
1907,12,-0.0267,-0.673653
1908,1,-0.00979,-0.787587
1908,2,-0.0389,-0.799548
1908,3,-0.229446,-0.868354
1908,4,-0.215195,-0.83324
1908,5,-0.277841,-0.694581
1908,6,-0.315061,-0.71287
1908,7,-0.371981,-0.668056
1908,8,-0.315319,-0.476753
1908,9,-0.314011,-0.415239
1908,10,-0.344993,-0.397828
1908,11,-0.428233,-0.583315
1908,12,-0.40357,-0.530531
1909,1,-0.272804,-0.543398
1909,2,-0.288079,-0.587939
1909,3,-0.302862,-0.456484
1909,4,-0.291155,-0.374431
1909,5,-0.300042,-0.05
1909,6,-0.397664,-0.20971
1909,7,-0.43985,-0.292646
1909,8,-0.423905,-0.193141
1909,9,-0.432938,-0.168689
1909,10,-0.520049,-0.273247
1909,11,-0.541413,-0.363055
1909,12,-0.46116,-0.231547
1910,1,-0.412278,-0.252498
1910,2,-0.498615,-0.218104
1910,3,-0.448198,-0.242936
1910,4,-0.490781,-0.162493
1910,5,-0.489746,-0.0328
1910,6,-0.519468,0.00701
1910,7,-0.533098,0.0234
1910,8,-0.541266,-0.316129
1910,9,-0.481061,-0.145207
1910,10,-0.485888,-0.363446
1910,11,-0.484239,-0.40148
1910,12,-0.41746,-0.550596
1911,1,-0.278205,-0.673953
1911,2,-0.368326,-0.574875
1911,3,-0.261317,-0.715781
1911,4,-0.393336,-0.691705
1911,5,-0.354692,-0.65161
1911,6,-0.373811,-0.599896
1911,7,-0.277752,-0.501569
1911,8,-0.179711,-0.605235
1911,9,-0.0515,-0.430438
1911,10,0.0844,-0.345146
1911,11,0.233242,-0.32218
1911,12,0.286049,0.0117
1912,1,0.291734,0.0426
1912,2,0.237964,-0.119346
1912,3,0.182893,-0.0593
1912,4,0.239475,-0.0643
1912,5,0.142304,-0.168166
1912,6,0.120325,-0.206465
1912,7,0.00506,-0.313392
1912,8,-0.129078,-0.297024
1912,9,-0.0731,-0.223341
1912,10,-0.0466,-0.299589
1912,11,-0.083,-0.138598
1912,12,-0.0936,-0.27302
1913,1,-0.0511,-0.317107
1913,2,0.0102,-0.239741
1913,3,-0.165599,-0.254447
1913,4,-0.267095,-0.256966
1913,5,-0.207654,0.0524
1913,6,-0.124217,-0.0947
1913,7,-0.138075,-0.0149
1913,8,-0.0477,-0.148244
1913,9,0.00993,-0.224681
1913,10,0.0878,-0.228248
1913,11,0.146595,-0.261038
1913,12,0.242594,-0.289359
1914,1,0.221053,-0.165088
1914,2,0.202865,-0.320429
1914,3,0.164258,-0.410159
1914,4,0.189026,-0.36448
1914,5,0.153875,-0.375624
1914,6,0.140935,-0.569888
1914,7,0.155634,-0.55749
1914,8,0.285515,-0.253709
1914,9,0.305575,-0.222964
1914,10,0.376202,-0.196579
1914,11,0.40814,-0.238084
1914,12,0.382904,-0.309668
1915,1,0.402623,-0.31167
1915,2,0.374239,-0.336973
1915,3,0.357689,-0.201788
1915,4,0.368839,-0.183716
1915,5,0.331578,-0.178884
1915,6,0.345449,-0.131685
1915,7,0.249986,-0.0868
1915,8,0.106073,-0.185446
1915,9,0.0117,-0.106895
1915,10,-0.0743,-0.24978
1915,11,-0.102441,-0.312548
1915,12,-0.228198,-0.338271
1916,1,-0.256057,-0.290652
1916,2,-0.21045,-0.115024
1916,3,-0.155671,-0.204327
1916,4,-0.140246,-0.260492
1916,5,-0.281632,-0.322351
1916,6,-0.368048,-0.372224
1916,7,-0.395126,-0.350619
1916,8,-0.532137,-0.203639
1916,9,-0.58731,-0.241183
1916,10,-0.626639,-0.153564
1916,11,-0.657125,-0.339272
1916,12,-0.622153,-0.472738
1917,1,-0.61063,-0.49436
1917,2,-0.577225,-0.323689
1917,3,-0.671425,-0.368022
1917,4,-0.5206,-0.263787
1917,5,-0.471421,-0.20197
1917,6,-0.288264,-0.175503
1917,7,-0.246396,-0.273995
1917,8,-0.318857,-0.310664
1917,9,-0.35666,-0.319019
1917,10,-0.494466,-0.339126
1917,11,-0.479873,-0.343205
1917,12,-0.503013,-0.374985
1918,1,-0.464684,-0.354888
1918,2,-0.423279,-0.405262
1918,3,-0.321991,-0.363892
1918,4,-0.379683,-0.421669
1918,5,-0.278753,-0.472384
1918,6,-0.201762,-0.503423
1918,7,-0.0223,-0.538521
1918,8,0.0751,-0.703816
1918,9,0.20389,-0.409764
1918,10,0.403399,-0.300925
1918,11,0.412486,-0.180134
1918,12,0.413669,-0.174872
1919,1,0.4658,-0.165819
1919,2,0.455215,-0.125195
1919,3,0.355871,-0.258838
1919,4,0.265862,-0.339457
1919,5,0.271097,-0.337406
1919,6,0.126196,-0.313621
1919,7,0.113238,-0.367728
1919,8,0.0908,-0.343195
1919,9,0.188029,-0.342153
1919,10,0.0859,-0.279948
1919,11,0.0798,-0.288426
1919,12,0.197833,-0.39135
1920,1,0.253271,-0.413838
1920,2,0.239992,-0.271036
1920,3,0.181206,-0.163938
1920,4,0.0963,-0.231559
1920,5,0.0738,-0.0822
1920,6,0.073,-0.209978
1920,7,-0.0219,-0.216304
1920,8,0.0235,-0.284899
1920,9,0.011,-0.142427
1920,10,-0.0343,-0.110855
1920,11,-0.0874,-0.163037
1920,12,-0.226534,-0.0702
1921,1,-0.214434,-0.00218
1921,2,-0.390804,0.00608
1921,3,-0.57902,-0.178018
1921,4,-0.275437,-0.0464
1921,5,-0.264773,0.0234
1921,6,-0.213184,0.033
1921,7,-0.122188,0.136729
1921,8,-0.190303,-0.0202
1921,9,-0.144743,0.0321
1921,10,-0.0971,-0.0472
1921,11,-0.161845,-0.278063
1921,12,-0.122243,-0.365344
1922,1,-0.152427,-0.359668
1922,2,0.0175,-0.427361
1922,3,-0.0955,-0.358031
1922,4,-0.191248,-0.470178
1922,5,-0.129844,-0.30731
1922,6,-0.212663,-0.407813
1922,7,-0.272648,-0.423817
1922,8,-0.371869,-0.341528
1922,9,-0.262828,-0.331928
1922,10,-0.248733,-0.388747
1922,11,-0.235403,-0.46556
1922,12,-0.254247,-0.268883
1923,1,-0.226516,-0.272098
1923,2,-0.213176,-0.472772
1923,3,-0.145523,-0.437123
1923,4,0.00575,-0.532267
1923,5,-0.00398,-0.382066
1923,6,-0.0473,-0.392269
1923,7,-0.147826,-0.385216
1923,8,0.00264,-0.439539
1923,9,0.107314,-0.38589
1923,10,0.185023,-0.202072
1923,11,0.27073,0.0523
1923,12,0.254195,0.381207
1924,1,0.160371,0.436548
1924,2,0.182978,0.266038
1924,3,0.065,0.245758
1924,4,0.0227,0.265681
1924,5,-0.137124,0.134293
1924,6,-0.208154,-0.104326
1924,7,-0.285698,0.00275
1924,8,-0.360497,-0.0765
1924,9,-0.404173,-0.208655
1924,10,-0.430469,-0.312919
1924,11,-0.507095,-0.504501
1924,12,-0.419034,-0.43467
1925,1,-0.511764,-0.403282
1925,2,-0.38776,-0.493114
1925,3,-0.242554,-0.204212
1925,4,-0.12869,-0.093
1925,5,-0.144399,0.12756
1925,6,-0.0942,-0.022
1925,7,0.0657,0.0709
1925,8,0.148016,-0.00606
1925,9,0.196679,-0.227097
1925,10,0.227417,-0.237378
1925,11,0.370112,-0.131814
1925,12,0.418933,0.0179
1926,1,0.386239,0.167286
1926,2,0.32614,0.161399
1926,3,0.415457,0.0967
1926,4,0.310731,0.166424
1926,5,0.284229,0.0292
1926,6,0.254776,0.105091
1926,7,0.259014,0.125591
1926,8,0.232142,0.117213
1926,9,0.0682,0.117155
1926,10,0.0164,0.151974
1926,11,0.0353,-0.161814
1926,12,0.0468,-0.149708
1927,1,-0.0254,-0.0986
1927,2,0.105632,-0.148835
1927,3,-0.0388,-0.0999
1927,4,-0.081,-0.180271
1927,5,-0.131281,-0.0542
1927,6,-0.0567,0.0515
1927,7,-0.138541,0.0031
1927,8,-0.0565,-0.0162
1927,9,-0.00309,-0.0108
1927,10,0.0407,0.124144
1927,11,0.0676,0.0827
1927,12,0.0262,0.0614
1928,1,0.126359,-0.16003
1928,2,0.0947,-0.24965
1928,3,-0.00356,-0.251181
1928,4,-0.0132,-0.295479
1928,5,0.0315,-0.0136
1928,6,-0.00872,-0.0933
1928,7,-0.00968,-0.0737
1928,8,-0.0684,-0.046
1928,9,-0.0954,-0.0772
1928,10,-0.152512,-0.0934
1928,11,-0.0556,-0.217464
1928,12,-0.126009,-0.336082
1929,1,-0.0847,-0.237863
1929,2,-0.0718,-0.209327
1929,3,-0.13013,-0.266816
1929,4,-0.0801,-0.158102
1929,5,-0.158661,-0.40444
1929,6,-0.0208,-0.441026
1929,7,-0.00101,-0.337952
1929,8,0.0627,-0.343706
1929,9,0.102065,-0.316685
1929,10,0.123442,-0.279596
1929,11,0.137822,-0.235598
1929,12,0.207762,-0.345572
1930,1,0.134477,-0.385546
1930,2,0.0998,-0.528235
1930,3,0.108022,-0.386257
1930,4,0.196788,-0.343105
1930,5,0.0391,-0.239209
1930,6,0.100893,-0.351072
1930,7,0.225714,-0.263307
1930,8,0.292429,-0.147489
1930,9,0.402212,-0.0203
1930,10,0.485555,0.111072
1930,11,0.622733,0.035
1930,12,0.550928,-0.0151
1931,1,0.591944,0.00432
1931,2,0.545019,0.0816
1931,3,0.517096,0.330352
1931,4,0.439782,0.133894
1931,5,0.414945,0.163358
1931,6,0.342475,0.109198
1931,7,0.25777,-0.0521
1931,8,0.108938,-0.155394
1931,9,0.00898,-0.0774
1931,10,-0.0614,0.000337
1931,11,-0.0304,-0.230588
1931,12,-0.0721,-0.106858
1932,1,-0.0977,-0.296303
1932,2,-0.0444,-0.1635
1932,3,0.0961,-0.170881
1932,4,0.0328,-0.110694
1932,5,0.0643,-0.126219
1932,6,0.107841,-0.324336
1932,7,0.0352,-0.337762
1932,8,0.0199,-0.17946
1932,9,-0.00573,-0.15985
1932,10,-0.0102,-0.232434
1932,11,-0.0115,-0.125943
1932,12,-0.10877,-0.00864
1933,1,-0.0539,0.041
1933,2,-0.0535,0.163895
1933,3,-0.0529,0.074
1933,4,-0.0705,0.0934
1933,5,-0.149435,0.0502
1933,6,-0.184996,-0.0599
1933,7,-0.256253,-0.150914
1933,8,-0.353066,-0.163523
1933,9,-0.431777,-0.177089
1933,10,-0.479939,0.0359
1933,11,-0.506825,-0.194347
1933,12,-0.421873,-0.0573
1934,1,-0.362368,-0.0629
1934,2,-0.335631,-0.300551
1934,3,-0.258897,-0.195044
1934,4,-0.0542,-0.0254
1934,5,-0.0266,0.0976
1934,6,-0.0112,0.299827
1934,7,-0.0823,0.433054
1934,8,0.0464,0.24622
1934,9,0.0181,0.335857
1934,10,-0.0316,0.182964
1934,11,0.0204,0.0899
1934,12,-0.0523,0.156306
1935,1,-0.140911,0.304599
1935,2,-0.0761,0.04
1935,3,-0.143384,0.0176
1935,4,-0.11614,-0.0271
1935,5,-0.104157,-0.0392
1935,6,-0.0403,0.0803
1935,7,-0.0528,-0.0296
1935,8,0.0689,-0.0934
1935,9,0.0287,-0.0381
1935,10,0.101822,-0.0173
1935,11,0.0663,-0.0645
1935,12,-0.0191,0.0385
1936,1,0.0556,0.000182
1936,2,0.100602,-0.0799
1936,3,0.0559,-0.139264
1936,4,0.0826,-0.0691
1936,5,0.135421,-0.259054
1936,6,0.052,-0.371999
1936,7,0.0661,-0.316321
1936,8,0.0153,-0.252234
1936,9,0.0799,-0.108425
1936,10,0.154901,-0.0719
1936,11,0.0846,-0.102046
1936,12,0.141608,-0.0131
1937,1,0.008,0.157675
1937,2,0.210247,0.218745
1937,3,0.242933,0.359102
1937,4,0.196742,0.352524
1937,5,0.0452,0.401129
1937,6,0.0159,0.352138
1937,7,0.0658,0.306808
1937,8,-0.00712,0.345298
1937,9,0.0929,0.334561
1937,10,0.0188,0.190573
1937,11,0.0469,0.258241
1937,12,-0.0567,0.365919
1938,1,-0.0657,0.170278
1938,2,-0.0498,0.208292
1938,3,0.0221,0.224777
1938,4,-0.0271,0.163044
1938,5,0.014,0.147603
1938,6,-0.0695,0.153762
1938,7,-0.24944,0.306257
1938,8,-0.301175,0.300662
1938,9,-0.194275,0.147884
1938,10,-0.178995,0.239249
1938,11,-0.267264,0.137646
1938,12,-0.230052,0.0404
1939,1,-0.314857,0.0319
1939,2,-0.300783,-0.100991
1939,3,-0.205804,-0.102857
1939,4,-0.0253,0.0428
1939,5,-0.0143,0.0982
1939,6,0.0714,0.459016
1939,7,0.0301,0.405775
1939,8,0.0126,0.283251
1939,9,0.106441,0.00345
1939,10,-0.0367,-0.201915
1939,11,0.0776,-0.101695
1939,12,0.185742,0.0969
1940,1,0.341966,0.358586
1940,2,0.37015,0.190963
1940,3,0.438488,0.270601
1940,4,0.48065,0.256936
1940,5,0.489427,0.136273
1940,6,0.363429,-0.163276
1940,7,0.376338,0.141535
1940,8,0.32953,0.27803
1940,9,0.326833,0.18919
1940,10,0.323188,0.0621
1940,11,0.421135,-0.170539
1940,12,0.545568,0.0157
1941,1,0.677229,0.289388
1941,2,0.700309,0.276619
1941,3,0.729999,0.101029
1941,4,0.725343,0.0905
1941,5,0.618033,0.073
1941,6,0.590299,-0.163771
1941,7,0.474019,0.0501
1941,8,0.474576,0.102178
1941,9,0.390075,0.196725
1941,10,0.529014,0.318788
1941,11,0.722801,0.216625
1941,12,0.761115,0.122023
1942,1,0.496962,-0.0821
1942,2,0.330978,-0.256968
1942,3,0.270744,0.0128
1942,4,0.371527,-0.065
1942,5,0.261566,-0.116983
1942,6,0.108404,-0.0856
1942,7,-0.0283,-0.173814
1942,8,-0.261378,-0.00777
1942,9,-0.332817,0.084
1942,10,-0.437914,0.0255
1942,11,-0.411419,-0.0799
1942,12,-0.415,-0.0963
1943,1,-0.387116,-0.237259
1943,2,-0.367136,-0.384186
1943,3,-0.267644,-0.507441
1943,4,-0.104658,-0.575618
1943,5,0.0363,-0.350789
1943,6,0.032,-0.363473
1943,7,-0.00748,-0.333468
1943,8,0.00555,-0.228617
1943,9,-0.137392,-0.2496
1943,10,-0.171141,-0.185269
1943,11,-0.0914,-0.113149
1943,12,-0.102885,-0.183297
1944,1,-0.130838,-0.0203
1944,2,0.0494,0.159311
1944,3,0.0451,0.316758
1944,4,0.0643,0.386159
1944,5,0.156504,0.368544
1944,6,0.211698,0.322496
1944,7,0.175511,0.38949
1944,8,0.0822,0.335137
1944,9,-0.0091,0.0693
1944,10,-0.0204,0.0397
1944,11,-0.0621,0.0516
1944,12,-0.0284,0.156736
1945,1,-0.0911,0.228641
1945,2,-0.044,0.37714
1945,3,-0.146528,0.378958
1945,4,-0.0745,0.476543
1945,5,-0.0406,0.385604
1945,6,0.113137,0.220952
1945,7,-0.00163,0.0635
1945,8,-0.0262,0.13
1945,9,-0.0835,0.206989
1945,10,-0.0685,0.149536
1945,11,0.00122,0.163887
1945,12,0.00825,0.113714
1946,1,-0.0182,-0.00201
1946,2,-0.046,0.222812
1946,3,-0.0842,-0.0979
1946,4,-0.120764,-0.531263
1946,5,-0.111931,-0.559825
1946,6,-0.0985,-0.480181
1946,7,-0.0186,-0.346921
1946,8,-0.2883,-0.388704
1946,9,-0.123938,-0.241697
1946,10,-0.0395,-0.182083
1946,11,-0.0386,-0.120668
1946,12,-0.0263,-0.0463
1947,1,0.0725,-0.0973
1947,2,-0.0187,-0.196191
1947,3,0.0714,-0.0863
1947,4,-0.0106,-0.203174
1947,5,-0.0252,-0.169213
1947,6,0.0701,-0.192915
1947,7,0.0197,-0.0428
1947,8,-0.0932,0.0103
1947,9,-0.144504,-0.0643
1947,10,-0.197938,-0.158774
1947,11,-0.171619,-0.0526
1947,12,-0.0648,-0.0618
1948,1,-0.0932,-0.0983
1948,2,0.0394,0.000965
1948,3,0.10788,0.105243
1948,4,-0.000423,-0.101566
1948,5,0.0826,-0.181382
1948,6,0.0831,-0.411807
1948,7,-0.0494,-0.324712
1948,8,-0.0305,-0.258058
1948,9,-0.154138,-0.180032
1948,10,-0.257531,-0.125228
1948,11,-0.147836,-0.175148
1948,12,0.000442,-0.0748
1949,1,-0.103121,-0.041
1949,2,-0.0235,0.045
1949,3,-0.21158,-0.0288
1949,4,-0.0584,0.145044
1949,5,-0.0381,-0.00964
1949,6,-0.123809,0.0375
1949,7,-0.126969,0.103063
1949,8,-0.134255,0.167074
1949,9,-0.282173,0.104565
1949,10,-0.369046,0.12909
1949,11,-0.441798,0.0413
1949,12,-0.339215,-0.00514
1950,1,-0.305541,0.0976
1950,2,-0.430179,0.0508
1950,3,-0.282193,0.0488
1950,4,-0.26205,-0.0791
1950,5,-0.385281,-0.146814
1950,6,-0.325505,-0.113566
1950,7,-0.344802,-0.0153
1950,8,-0.278839,-0.180407
1950,9,-0.349529,-0.24799
1950,10,-0.312027,-0.337849
1950,11,-0.417959,-0.23469
1950,12,-0.360504,-0.384253
1951,1,-0.273241,-0.367975
1951,2,-0.264851,-0.432957
1951,3,-0.249496,-0.390287
1951,4,-0.171582,-0.154306
1951,5,-0.10231,-0.298204
1951,6,0.0601,-0.117177
1951,7,0.0835,0.129368
1951,8,0.131412,0.151855
1951,9,0.223742,0.115722
1951,10,0.276436,0.102655
1951,11,0.302518,-0.106167
1951,12,0.196632,-0.0652
1952,1,0.187028,0.0564
1952,2,0.185305,0.0485
1952,3,0.130517,0.100898
1952,4,0.156947,0.0523
1952,5,0.106087,-0.0604
1952,6,-0.0397,0.0634
1952,7,-0.127341,0.0463
1952,8,-0.0419,0.0302
1952,9,-0.0431,0.09
1952,10,-0.0481,0.115068
1952,11,-0.108229,0.129391
1952,12,-0.0639,0.184208
1953,1,0.0998,0.0818
1953,2,0.106869,0.00606
1953,3,0.109166,-0.0114
1953,4,0.152462,0.036
1953,5,0.107572,0.016
1953,6,0.115163,0.0261
1953,7,0.114468,0.0332
1953,8,0.0971,0.0547
1953,9,0.200719,0.110781
1953,10,0.10224,0.0821
1953,11,0.109208,0.0119
1953,12,0.12833,-0.082
1954,1,0.127687,-0.172315
1954,2,0.0532,-0.261266
1954,3,0.0425,-0.247249
1954,4,-0.112287,-0.340771
1954,5,-0.120124,-0.349659
1954,6,-0.149207,-0.288858
1954,7,-0.221873,-0.490992
1954,8,-0.257566,-0.31571
1954,9,-0.31483,-0.201465
1954,10,-0.327353,-0.0353
1954,11,-0.296892,-0.0699
1954,12,-0.350663,-0.219916
1955,1,-0.230898,-0.229697
1955,2,-0.269352,-0.284886
1955,3,-0.243597,-0.189513
1955,4,-0.318787,-0.18482
1955,5,-0.425007,0.00194
1955,6,-0.414638,-0.0335
1955,7,-0.362911,-0.0168
1955,8,-0.372817,-0.1046
1955,9,-0.415083,0.00744
1955,10,-0.6383,0.0677
1955,11,-0.647804,0.0887
1955,12,-0.558946,-0.18002
1956,1,-0.398642,-0.114932
1956,2,-0.30957,-0.243874
1956,3,-0.28829,-0.29202
1956,4,-0.320182,-0.315214
1956,5,-0.363047,-0.186152
1956,6,-0.405219,-0.244068
1956,7,-0.408174,-0.139309
1956,8,-0.306761,-0.139798
1956,9,-0.331226,-0.0911
1956,10,-0.361528,-0.120853
1956,11,-0.341004,-0.221084
1956,12,-0.177208,-0.197909
1957,1,-0.110014,-0.185189
1957,2,-0.00931,0.00991
1957,3,0.117355,0.0488
1957,4,0.168124,-0.0412
1957,5,0.268128,-0.092
1957,6,0.217971,0.0773
1957,7,0.341513,0.0529
1957,8,0.370148,0.0126
1957,9,0.296943,-0.0501
1957,10,0.302389,-0.0315
1957,11,0.40688,-0.0576
1957,12,0.426496,0.0145
1958,1,0.545792,0.0855
1958,2,0.524869,0.203865
1958,3,0.37732,0.158018
1958,4,0.311709,0.0692
1958,5,0.350747,-0.383974
1958,6,0.308299,-0.489336
1958,7,0.183286,-0.211342
1958,8,0.213295,-0.149276
1958,9,0.158914,-0.0907
1958,10,0.129365,-0.0268
1958,11,0.152587,0.0193
1958,12,0.261519,0.21335
1959,1,0.263794,0.254311
1959,2,0.273634,0.253549
1959,3,0.200309,0.280127
1959,4,0.195798,0.258664
1959,5,0.24108,0.012
1959,6,0.125307,-0.0507
1959,7,0.0484,0.00899
1959,8,0.0479,-0.035
1959,9,0.0757,0.00234
1959,10,0.0968,0.00562
1959,11,0.0439,-0.0508
1959,12,0.0322,-0.103273
1960,1,0.0468,-0.0545
1960,2,-0.0264,-0.0281
1960,3,0.147248,0.0776
1960,4,0.147063,-0.0299
1960,5,0.100846,0.138328
1960,6,0.0139,0.0826
1960,7,0.0573,0.245295
1960,8,0.0438,0.189505
1960,9,0.047,0.0677
1960,10,-0.0632,0.140543
1960,11,-0.0966,0.133394
1960,12,0.0331,0.079
1961,1,-0.018,-0.028
1961,2,0.0824,-0.10068
1961,3,0.0133,0.0543
1961,4,0.105712,0.0779
1961,5,0.0068,0.215506
1961,6,0.108527,-0.0081
1961,7,-0.0361,-0.0256
1961,8,-0.0745,-0.0593
1961,9,-0.174032,0.0517
1961,10,-0.157554,0.0717
1961,11,-0.141391,0.0106
1961,12,-0.124244,0.079
1962,1,-0.172216,0.13191
1962,2,-0.136431,0.0937
1962,3,-0.133431,0.178551
1962,4,-0.144877,0.201155
1962,5,-0.139477,0.206595
1962,6,-0.133641,0.0744
1962,7,-0.0137,0.0431
1962,8,0.00141,0.002
1962,9,-0.0851,0.0423
1962,10,-0.134103,0.0933
1962,11,-0.135487,0.144417
1962,12,-0.156013,0.215041
1963,1,-0.131672,0.208033
1963,2,-0.145384,0.203335
1963,3,-0.0556,0.300169
1963,4,0.0208,0.323851
1963,5,0.110457,0.402153
1963,6,0.0673,0.471776
1963,7,0.163671,0.416415
1963,8,0.210264,0.347404
1963,9,0.336459,0.200187
1963,10,0.410732,0.178051
1963,11,0.362573,0.324062
1963,12,0.335255,0.346664
1964,1,0.235927,0.253653
1964,2,0.138348,0.156898
1964,3,-0.0578,0.198841
1964,4,-0.07,-0.0599
1964,5,-0.208312,-0.0228
1964,6,-0.189858,-0.0187
1964,7,-0.230362,-0.0325
1964,8,-0.359128,-0.157819
1964,9,-0.400289,-0.35713
1964,10,-0.379673,-0.446926
1964,11,-0.374101,-0.366885
1964,12,-0.386635,-0.447794
1965,1,-0.239949,-0.280554
1965,2,-0.123289,0.0557
1965,3,-0.187311,0.159961
1965,4,-0.0493,0.0711
1965,5,0.0249,0.1771
1965,6,0.0147,0.0384
1965,7,0.162194,-0.149498
1965,8,0.331087,-0.132533
1965,9,0.426665,0.00458
1965,10,0.485405,-0.0674
1965,11,0.54084,-0.185661
1965,12,0.503488,-0.0891
1966,1,0.448835,0.00133
1966,2,0.34155,0.0369
1966,3,0.290801,0.128909
1966,4,0.178072,0.265574
1966,5,0.0592,0.227114
1966,6,0.152208,0.400628
1966,7,0.22523,0.287742
1966,8,0.128371,0.0279
1966,9,0.127435,0.0804
1966,10,0.0999,0.0131
1966,11,0.0886,0.225505
1966,12,-0.0105,0.546149
1967,1,-0.106862,0.312859
1967,2,-0.171158,0.234605
1967,3,-0.0944,0.0109
1967,4,-0.0882,-0.0489
1967,5,0.0127,-0.127784
1967,6,0.0504,-0.314905
1967,7,0.017,-0.34006
1967,8,-0.0925,-0.299417
1967,9,-0.120314,-0.197856
1967,10,-0.0974,-0.29621
1967,11,-0.126032,-0.298275
1967,12,-0.169879,-0.137225
1968,1,-0.279029,-0.0655
1968,2,-0.264733,-0.141666
1968,3,-0.246745,-0.0897
1968,4,-0.198281,0.043
1968,5,-0.155404,-0.0273
1968,6,0.0819,-0.0167
1968,7,0.0507,0.0968
1968,8,0.0908,0.121982
1968,9,0.0994,0.173474
1968,10,0.150608,0.325386
1968,11,0.250747,0.277677
1968,12,0.286118,0.281789
1969,1,0.427746,0.365055
1969,2,0.357551,0.655216
1969,3,0.277484,0.755874
1969,4,0.286099,0.508275
1969,5,0.358096,0.27224
1969,6,0.246625,0.0698
1969,7,0.17504,-0.0247
1969,8,0.190994,0.0745
1969,9,0.305508,-0.000876
1969,10,0.388801,-0.0222
1969,11,0.338502,0.0819
1969,12,0.33567,-0.0353
1970,1,0.360894,-0.0381
1970,2,0.277827,0.0223
1970,3,0.266947,0.228003
1970,4,0.187714,0.13755
1970,5,0.0728,0.0286
1970,6,-0.0524,-0.103443
1970,7,-0.181463,-0.0739
1970,8,-0.315927,-0.0961
1970,9,-0.322035,-0.0284
1970,10,-0.321805,-0.125796
1970,11,-0.351724,-0.0424
1970,12,-0.50958,-0.021
1971,1,-0.533851,0.0564
1971,2,-0.540326,0.107993
1971,3,-0.522108,-0.0121
1971,4,-0.341625,-0.0464
1971,5,-0.325217,0.0344
1971,6,-0.351451,-0.0388
1971,7,-0.279551,-0.19799
1971,8,-0.263639,-0.222968
1971,9,-0.347792,-0.183048
1971,10,-0.411594,-0.208705
1971,11,-0.401887,-0.438539
1971,12,-0.398353,-0.543232
1972,1,-0.170885,-0.0896
1972,2,-0.0781,-0.088
1972,3,-0.0981,-0.183648
1972,4,0.0196,-0.0599
1972,5,0.142202,-0.119841
1972,6,0.264909,-0.104675
1972,7,0.339159,0.0557
1972,8,0.500507,0.0697
1972,9,0.533682,0.0575
1972,10,0.640857,0.144949
1972,11,0.671941,0.227898
1972,12,0.724588,0.432849
1973,1,0.561611,0.472759
1973,2,0.450836,0.464151
1973,3,0.321967,0.313216
1973,4,0.146449,0.41486
1973,5,0.0149,0.526014
1973,6,-0.138276,0.431967
1973,7,-0.146649,0.510893
1973,8,-0.331871,0.53161
1973,9,-0.355788,0.381495
1973,10,-0.413018,0.312396
1973,11,-0.511353,0.321778
1973,12,-0.612875,0.17158
1974,1,-0.668297,0.0238
1974,2,-0.591942,-0.0675
1974,3,-0.446838,-0.204453
1974,4,-0.340838,-0.0704
1974,5,-0.214771,0.15597
1974,6,-0.195692,0.160197
1974,7,-0.269741,0.250532
1974,8,-0.133045,0.132262
1974,9,-0.224505,-0.108953
1974,10,-0.256636,-0.115299
1974,11,-0.294327,-0.0843
1974,12,-0.231147,-0.0822
1975,1,-0.207538,-0.0946
1975,2,-0.191654,-0.11591
1975,3,-0.247744,-0.149113
1975,4,-0.232088,-0.212863
1975,5,-0.259498,-0.0579
1975,6,-0.400039,0.126016
1975,7,-0.328843,-0.0695
1975,8,-0.369117,-0.0499
1975,9,-0.468744,-0.251718
1975,10,-0.566243,-0.148675
1975,11,-0.606495,-0.157639
1975,12,-0.632614,-0.279141
1976,1,-0.711801,-0.350535
1976,2,-0.461393,-0.394325
1976,3,-0.267583,-0.469173
1976,4,-0.183716,-0.46455
1976,5,-0.158707,-0.516954
1976,6,0.0247,-0.426042
1976,7,0.0321,-0.416913
1976,8,0.170314,-0.266984
1976,9,0.269409,-0.0803
1976,10,0.358736,-0.198872
1976,11,0.344821,-0.354826
1976,12,0.312783,-0.168346
1977,1,0.392263,-0.171526
1977,2,0.235825,-0.0618
1977,3,0.154419,-0.0262
1977,4,0.0773,0.0282
1977,5,0.182235,0.00508
1977,6,0.218066,-0.0121
1977,7,0.2211,-0.1502
1977,8,0.152669,0.074
1977,9,0.243934,0.0334
1977,10,0.322591,-0.0428
1977,11,0.342268,-0.0807
1977,12,0.258969,-0.0916
1978,1,0.325956,-0.125338
1978,2,0.222011,-0.105612
1978,3,0.207182,-0.183436
1978,4,0.109619,-0.327058
1978,5,0.095,-0.340627
1978,6,-0.0188,-0.320079
1978,7,-0.0431,-0.0617
1978,8,-0.107012,-0.12132
1978,9,-0.0991,-0.111278
1978,10,-0.0432,-0.0566
1978,11,0.0551,-0.0198
1978,12,0.0804,-0.0689
1979,1,0.148865,0.0145
1979,2,0.108357,0.00886
1979,3,0.130924,-0.151511
1979,4,0.179455,0.0277
1979,5,0.154564,0.0438
1979,6,0.169477,0.150769
1979,7,0.10929,0.114306
1979,8,0.158639,0.18818
1979,9,0.32227,0.213293
1979,10,0.275106,0.134269
1979,11,0.255016,0.0946
1979,12,0.344868,0.0648
1980,1,0.349538,0.0422
1980,2,0.289201,-0.0315
1980,3,0.313033,-0.0489
1980,4,0.267425,0.1761
1980,5,0.290738,0.183635
1980,6,0.254144,0.0355
1980,7,0.141808,0.0167
1980,8,0.0893,0.0975
1980,9,0.0997,0.214704
1980,10,0.0688,0.0559
1980,11,0.13359,-0.0268
1980,12,0.168951,-0.329296
1981,1,-0.0782,-0.15494
1981,2,-0.0973,-0.26628
1981,3,0.0863,-0.122052
1981,4,-0.00122,-0.187113
1981,5,0.0378,-0.265151
1981,6,0.0251,-0.112464
1981,7,-0.0826,-0.0462
1981,8,-0.103869,0.0626
1981,9,0.0422,0.124773
1981,10,0.100441,0.155037
1981,11,0.047,0.20231
1981,12,0.11867,0.205461
1982,1,0.176387,0.0901
1982,2,0.0811,-0.0471
1982,3,0.125527,-0.0524
1982,4,0.247175,-0.192145
1982,5,0.389582,-0.211866
1982,6,0.407853,-0.188571
1982,7,0.351428,-0.184268
1982,8,0.435956,-0.218324
1982,9,0.623961,-0.112935
1982,10,0.733067,-0.0807
1982,11,0.825571,-0.101698
1982,12,0.934181,0.0431
1983,1,0.938076,0.288664
1983,2,0.843401,0.264786
1983,3,0.70646,0.199394
1983,4,0.577254,0.118418
1983,5,0.530454,-0.0243
1983,6,0.528207,-0.104934
1983,7,0.444915,-0.0516
1983,8,0.405823,0.0687
1983,9,0.275136,0.0486
1983,10,0.117359,0.0164
1983,11,0.0386,0.133926
1983,12,0.094,0.356549
1984,1,0.0754,0.424764
1984,2,0.0626,0.517115
1984,3,0.125191,0.507978
1984,4,0.15695,0.344331
1984,5,0.0182,0.375416
1984,6,-0.0153,0.445537
1984,7,-0.00377,0.46116
1984,8,-0.0217,0.552693
1984,9,0.0874,0.495932
1984,10,-0.0413,0.278682
1984,11,-0.110503,0.0992
1984,12,-0.229166,0.153582
1985,1,-0.163611,0.16412
1985,2,-0.140397,0.196181
1985,3,-0.0781,0.000454
1985,4,-0.00265,-0.00932
1985,5,0.00114,0.0878
1985,6,-0.0384,0.120812
1985,7,-0.00098,0.179661
1985,8,-0.0182,0.249215
1985,9,0.0194,0.186229
1985,10,-0.0396,0.230155
1985,11,-0.0176,0.206396
1985,12,-0.00651,0.201628
1986,1,-0.0455,0.135702
1986,2,0.0268,0.241666
1986,3,0.073,0.194936
1986,4,0.145909,0.200006
1986,5,0.198347,0.307464
1986,6,0.255827,0.18418
1986,7,0.211508,0.0938
1986,8,0.206726,0.195578
1986,9,0.372044,0.222383
1986,10,0.404427,0.0339
1986,11,0.489356,-0.136055
1986,12,0.474231,-0.0228
1987,1,0.458167,0.0951
1987,2,0.447898,0.220119
1987,3,0.554057,0.330381
1987,4,0.506364,0.44574
1987,5,0.549881,0.549465
1987,6,0.565252,0.613343
1987,7,0.628248,0.64934
1987,8,0.670647,0.701973
1987,9,0.792394,0.616849
1987,10,0.7029,0.557825
1987,11,0.693911,0.568324
1987,12,0.597542,0.592304
1988,1,0.521415,0.579776
1988,2,0.46777,0.582193
1988,3,0.456926,0.609058
1988,4,0.35107,0.594384
1988,5,0.150373,0.626288
1988,6,0.0313,0.650387
1988,7,-0.0783,0.538091
1988,8,-0.154761,0.483875
1988,9,-0.116221,0.326965
1988,10,-0.330825,0.24319
1988,11,-0.409382,0.151462
1988,12,-0.449127,0.188535
1989,1,-0.411789,0.341144
1989,2,-0.293791,0.253869
1989,3,-0.18739,0.198147
1989,4,-0.0319,0.141615
1989,5,0.0153,0.329223
1989,6,-0.0519,0.377576
1989,7,0.00621,0.408078
1989,8,-0.0687,0.513468
1989,9,0.0113,0.295573
1989,10,-0.0323,0.27387
1989,11,0.0763,0.0708
1989,12,0.122916,0.0265
1990,1,0.10793,-0.0556
1990,2,0.214194,0.177001
1990,3,0.242475,0.302121
1990,4,0.344977,0.378849
1990,5,0.319482,0.304513
1990,6,0.207343,0.304212
1990,7,0.212421,0.168041
1990,8,0.243068,0.253509
1990,9,0.288001,0.317419
1990,10,0.289508,0.379594
1990,11,0.258128,0.369982
1990,12,0.297716,0.371479
1991,1,0.321396,0.176734
1991,2,0.265456,0.160648
1991,3,0.285447,0.19917
1991,4,0.356445,0.26638
1991,5,0.440523,0.43257
1991,6,0.438441,0.341761
1991,7,0.44171,0.213201
1991,8,0.347421,0.143118
1991,9,0.329914,0.135682
1991,10,0.43498,-0.0508
1991,11,0.465147,-0.169012
1991,12,0.534681,0.0725
1992,1,0.532606,0.0152
1992,2,0.502759,-0.00706
1992,3,0.507956,-0.187656
1992,4,0.554522,-0.179307
1992,5,0.610839,-0.102849
1992,6,0.463651,-0.211088
1992,7,0.388417,-0.167718
1992,8,0.210441,-0.1189
1992,9,0.196716,-0.101428
1992,10,0.197347,-0.140884
1992,11,0.225231,-0.240624
1992,12,0.179774,-0.0745
1993,1,0.315692,0.130144
1993,2,0.332769,0.135017
1993,3,0.396386,0.143277
1993,4,0.431652,0.259952
1993,5,0.510257,0.201286
1993,6,0.452028,0.110494
1993,7,0.321431,0.216076
1993,8,0.25205,0.168879
1993,9,0.314072,0.370748
1993,10,0.36732,0.311046
1993,11,0.339429,0.27319
1993,12,0.306143,0.272416
1994,1,0.300834,0.122157
1994,2,0.169816,0.0479
1994,3,0.26365,0.150821
1994,4,0.316439,0.219998
1994,5,0.33837,0.225125
1994,6,0.311498,0.0972
1994,7,0.276831,-0.0433
1994,8,0.287773,0.122462
1994,9,0.361794,0.0802
1994,10,0.499287,0.206358
1994,11,0.471213,0.292195
1994,12,0.468987,0.313461
1995,1,0.457383,0.420948
1995,2,0.421406,0.502148
1995,3,0.379312,0.61024
1995,4,0.322816,0.537321
1995,5,0.284653,0.524759
1995,6,0.334943,0.617409
1995,7,0.290603,0.544577
1995,8,0.114031,0.447819
1995,9,0.0839,0.314711
1995,10,-0.0386,0.309651
1995,11,-0.0655,0.325685
1995,12,-0.0485,0.257075
1996,1,-0.0257,0.355815
1996,2,-0.000122,0.517701
1996,3,0.127709,0.388072
1996,4,0.134083,0.547866
1996,5,0.118492,0.510292
1996,6,0.177942,0.425967
1996,7,0.0987,0.422095
1996,8,0.036,0.364901
1996,9,0.0658,0.208657
1996,10,-0.00528,0.12161
1996,11,0.0422,-0.0502
1996,12,-0.0397,-0.11938
1997,1,-0.0289,-0.197058
1997,2,-0.0606,-0.210658
1997,3,0.167309,-0.158241
1997,4,0.329891,-0.229449
1997,5,0.480108,-0.086
1997,6,0.646258,-0.069
1997,7,0.684088,0.0655
1997,8,0.859559,0.159939
1997,9,0.95654,0.31897
1997,10,0.966892,0.58984
1997,11,1.04837,0.678925
1997,12,1.05113,0.799336
1998,1,1.05255,0.735166
1998,2,0.951162,0.777894
1998,3,0.847214,0.783633
1998,4,0.734701,0.655114
1998,5,0.686343,0.655338
1998,6,0.419768,0.72503
1998,7,0.291606,0.755334
1998,8,0.201267,0.58705
1998,9,0.0896,0.611739
1998,10,-0.101488,0.536973
1998,11,-0.12096,0.499188
1998,12,-0.177032,0.357029
1999,1,-0.193697,0.209253
1999,2,-0.141292,0.274797
1999,3,0.0188,0.291769
1999,4,-0.00537,0.375219
1999,5,-0.0714,0.482022
1999,6,-0.10165,0.498109
1999,7,-0.101693,0.563908
1999,8,-0.152514,0.508289
1999,9,-0.159711,0.353623
1999,10,-0.212545,0.246381
1999,11,-0.247787,0.209441
1999,12,-0.293178,0.335742
2000,1,-0.280879,0.210367
2000,2,-0.223772,0.29774
2000,3,-0.126803,0.264471
2000,4,0.106694,0.28174
2000,5,0.0653,0.357163
2000,6,0.0217,0.28447
2000,7,0.036,0.254242
2000,8,0.0407,0.37621
2000,9,0.0468,0.26353
2000,10,-0.00622,0.223663
2000,11,-0.0555,0.094
2000,12,-0.0145,0.154626
2001,1,-0.0113,0.322448
2001,2,0.0208,0.258014
2001,3,0.208865,0.355789
2001,4,0.2817,0.427651
2001,5,0.282799,0.520958
2001,6,0.247522,0.442352
2001,7,0.244399,0.294272
2001,8,0.22102,0.309726
2001,9,0.203309,0.316639
2001,10,0.165248,0.35717
2001,11,0.141352,0.322155
2001,12,0.130376,0.25493
2002,1,0.124924,0.215094
2002,2,0.150689,0.209418
2002,3,0.322691,0.419081
2002,4,0.426015,0.297426
2002,5,0.382594,0.450405
2002,6,0.394237,0.32105
2002,7,0.365674,0.29198
2002,8,0.349231,0.323648
2002,9,0.425049,0.182347
2002,10,0.484305,0.337968
2002,11,0.550494,0.196496
2002,12,0.611026,0.390135
2003,1,0.489316,0.59026
2003,2,0.45267,0.606361
2003,3,0.444879,0.635976
2003,4,0.421329,0.512775
2003,5,0.247889,0.442607
2003,6,0.30076,0.370947
2003,7,0.332606,0.580774
2003,8,0.327655,0.730751
2003,9,0.341839,0.72271
2003,10,0.358639,0.688532
2003,11,0.413623,0.544529
2003,12,0.346426,0.61358
2004,1,0.356857,0.407579
2004,2,0.262773,0.278605
2004,3,0.290034,0.154008
2004,4,0.403679,0.0306
2004,5,0.337861,0.079
2004,6,0.270145,0.163453
2004,7,0.281933,0.308073
2004,8,0.326958,0.504001
2004,9,0.437458,0.581032
2004,10,0.410048,0.444441
2004,11,0.433249,0.448916
2004,12,0.441326,0.4934
2005,1,0.367138,0.539127
2005,2,0.327905,0.485409
2005,3,0.437769,0.58006
2005,4,0.439149,0.484411
2005,5,0.490077,0.271931
2005,6,0.437279,0.127397
2005,7,0.353538,0.306795
2005,8,0.320922,0.474893
2005,9,0.236982,0.510686
2005,10,0.112148,0.478091
2005,11,0.0314,0.381151
2005,12,0.012,0.400797
2006,1,-0.00674,0.341281
2006,2,0.0651,0.405025
2006,3,0.150813,0.490319
2006,4,0.255185,0.499735
2006,5,0.322393,0.474204
2006,6,0.30904,0.592261
2006,7,0.319122,0.506566
2006,8,0.395736,0.529814
2006,9,0.495143,0.523388
2006,10,0.55796,0.481953
2006,11,0.585816,0.419098
2006,12,0.595111,0.47888
2007,1,0.405436,0.482901
2007,2,0.33427,0.491017
2007,3,0.282247,0.459989
2007,4,0.317266,0.528398
2007,5,0.232364,0.504408
2007,6,0.291153,0.428673
2007,7,0.194595,0.423833
2007,8,0.0863,0.382623
2007,9,-0.0263,0.359992
2007,10,-0.208348,0.337069
2007,11,-0.315032,0.348453
2007,12,-0.286459,0.329215
2008,1,-0.363337,0.283507
2008,2,-0.385684,0.400272
2008,3,-0.216125,0.532296
2008,4,-0.0415,0.495947
2008,5,0.000804,0.625867
2008,6,0.0602,0.480227
2008,7,0.128798,0.506013
2008,8,0.184456,0.558349
2008,9,0.174454,0.500515
2008,10,0.0977,0.449394
2008,11,0.0328,0.260722
2008,12,-0.0152,0.338053
2009,1,-0.0446,0.333265
2009,2,0.0145,0.206784
2009,3,0.139886,0.292286
2009,4,0.259289,0.344717
2009,5,0.366532,0.505344
2009,6,0.516694,0.470091
2009,7,0.499139,0.495876
2009,8,0.509308,0.468475
2009,9,0.509043,0.474191
2009,10,0.543996,0.555264
2009,11,0.641247,0.53825
2009,12,0.713612,0.769816
2010,1,0.620539,0.922601
2010,2,0.578447,0.921611
2010,3,0.580826,1.05156
2010,4,0.578201,0.921983
2010,5,0.415595,0.72925
2010,6,0.220196,0.72121
2010,7,0.0131,0.608721
2010,8,-0.161749,0.538791
2010,9,-0.277693,0.539501
2010,10,-0.392229,0.574251
2010,11,-0.355491,0.512088
2010,12,-0.386401,0.580983
2011,1,-0.449446,0.567524
2011,2,-0.348092,0.599249
2011,3,-0.181477,0.555933
2011,4,-0.0565,0.550034
2011,5,0.0448,0.416775
2011,6,0.0754,0.288728
2011,7,0.0485,0.307894
2011,8,0.0124,0.401851
2011,9,-0.0473,0.382244
2011,10,-0.138827,0.384117
2011,11,-0.166157,0.0874
2011,12,-0.193374,-0.184859
2012,1,-0.159158,-0.0775
2012,2,0.0378,-0.115171
2012,3,0.13446,0.0954
2012,4,0.284582,0.0353
2012,5,0.30187,0.254022
2012,6,0.271515,0.288244
2012,7,0.304443,0.312823
2012,8,0.353524,0.381742
2012,9,0.336672,0.463081
2012,10,0.2886,0.380378
2012,11,0.327877,0.418217
2012,12,0.271032,0.439552
2013,1,0.132176,0.465441
2013,2,0.168438,0.36905
2013,3,0.273625,0.546825
2013,4,0.356313,0.510438
2013,5,0.276095,0.51432
2013,6,0.161117,0.311136
2013,7,0.150628,0.338142
2013,8,0.123452,0.458444
2013,9,0.198296,0.377803
2013,10,0.127953,0.431009
2013,11,0.208963,0.271528
2013,12,0.160471,0.353293
2014,1,0.0567,0.34335
2014,2,0.0654,0.464055
2014,3,0.299365,0.272064
2014,4,0.467328,0.378646
2014,5,0.538874,0.591224
2014,6,0.542891,0.486785
2014,7,0.466393,0.270514
2014,8,0.437991,0.407719
2014,9,0.430025,0.415397
2014,10,0.474513,0.485427
2014,11,0.529968,0.277559
2014,12,0.516636,0.231559
2015,1,0.431131,0.476738
2015,2,0.407881,0.369471
2015,3,0.528367,0.168397
2015,4,0.652889,0.313794
2015,5,0.729601,0.559159
2015,6,0.785561,0.287414
2015,7,0.870162,0.327107
2015,8,0.978078,0.321588
2015,9,1.08147,0.421217
2015,10,1.11113,0.656152
2015,11,1.10924,0.581476
2015,12,1.11082,0.745878
